Class,Title,Description,BodyText,ImageSrc,ImageSrc2,Caption,Caption2,Link,Keywords,
leftDoubleImage,"Studio Dumbar (DEPT®)
","Design studio, Netherlands
","Studio Dumbar is a pioneer of expressive graphic design in digital environments. Their website features bold typography, animated color transitions, and kinetic interfaces, reflecting their visual identity work for organizations such as the Dutch government, cultural bodies, and tech innovators.
",https://encrypted-tbn0.gstatic.com/images?q=tbn:ANd9GcQP-BUIc63Fvx5myIs7scXB5EzbEctrBpbVPA&s,https://httpster.net/assets/media/z2/studiodumbar.com-Z2sFsrr.webp,"Studio Dumbar homepage using animated type
", Visual identity showcase of selected clients, https://studiodumbar.com,"#branding #typography #motion #kineticdesign #studio
", 
left,"A Cosmic Scroll
","Wix Studio’s immersive scrollytelling site
","Created by Eliran Vahdi, this Awwwards-winning website is a bold example of cosmic-themed scrollytelling. Its immersive interactivity, animations, and effects showcase how far no-code design tools like Wix Studio can go. Gliding through space while learning about creative potential—this site is both inspiration and interaction masterclass.
","https://static.wixstatic.com/media/fc2532_bba2ae3e13f14be7b469ff5b6e4aca10~mv2.jpg/v1/fill/w_1110,h_740,al_c,q_85,enc_avif,quality_auto/fc2532_bba2ae3e13f14be7b469ff5b6e4aca10~mv2.jpg",,"Scrollytelling interaction
",Seeing Voices is a series of AI images generated by the performance Voice In My Head.,https://www.wix.com/studio/design/inspiration/space,"scrollytelling, wix studio, interactive, no-code, animation, design trend
",
leftDoubleImage,"
Dronefall
","Interactive site by Artycoders & Hodubiak
","Dronefall is a visually captivating, interactive scrollytelling website designed by Artycoders and Anastasiia Hodubiak. It explores themes of technology, defense, and urgency in response to wartime realities. The pixel art style, retro aesthetics, and animated elements combine to create a compelling narrative experience, raising awareness and encouraging drone donations for Ukrainian defense.
",https://assets.awwwards.com/awards/element/2025/05/681b2b48127e1346491824.png,https://assets.awwwards.com/awards/element/2025/05/681b2b481f865171020760.png,screen shots from the website,,https://savelife.in.ua/dronopad/main-eng.html#3faq,"Dronopad home screen with scrolling interface,Dynamic war map animation",
leftDoubleImage, Aisen Caro Chacin,"Artist, creative technologist, researcher (Venezuela, USA, Spain)","Aisen Caro Chacin is a regenerating composition of cells that produce a woman, a Venezuelan, a Spaniard, a U.S. American, and an animal whose patterns of migration are not based on seasons, but rather chance, chaos, and opportunity. She leads the medical prototyping lab at the University of Texas Medical Branch and is an Assistant Professor in Pathology at the School of Medicine. She is also Adjunct Faculty at the University of Houston’s School of Art and a founding board member of the Medicine and Arts Program at UCLA. With an MFA in Design and Technology from Parsons, and a Ph.D. in Human Informatics from the University of Tsukuba, Japan, Dr. Chacin’s work explores sensory perception, the human-machine relationship, embodiment, and incorporation through artificial bodies and realities in an era of conscious evolution. Her practice spans new media art, human-computer interfaces, medical devices, and Assistive Device Art (ADA), addressing topics such as sensory substitution, resuscitation, human echolocation, haptics, medical automation, surgical simulation, and fashion. Her work has been exhibited internationally at venues including Ars Electronica, Cite du Design, TEI, NIME, NYC Museum of Art and Design, The New York Hall of Science, and the Contemporary Arts Museum Houston. Featured in Future Tech by Discovery Channel, Creative Applications, FastCo, Time Techland, Engadget, and NY Times, she was also awarded and published by PopSci.",http://aisencaro.com/echoGal1.JPG,http://aisencaro.com/blueredpops.jpg,Interface: Echolocation Headphones.,Interface: Spoon & Pop Matrices. ,http://aisencaro.com/pop.html, #artist #creativeTechnologist #humanComputerInteraction #medicalPrototyping #assistiveDevices #STEAM,
leftDoubleImage,Zach Lieberman – Daily Sketches in 2016,"Artist & creative coder, USA","Zach Lieberman is a renowned artist and educator known for using code to create dynamic, interactive, and generative art. His project “Daily Sketches in 2016” is a year-long creative exploration in which he published a generative drawing or interactive visual experiment every single day throughout 2016. These daily sketches demonstrate his commitment to the creative process, showcasing a wide range of styles, from fluid organic animations to geometric forms and playful interactions. The project stands as an inspiring example of how consistent practice and computational design can create a stunning, ever-evolving body of work that transcends traditional drawing.",https://miro.medium.com/v2/resize:fit:2000/format:webp/1*eInsJGlYHlfBjSkfp9Wg_w.png,https://miro.medium.com/v2/resize:fit:638/format:webp/1*hSZ4_jcDXCk_4K2d_s7zyg.png,Compilation of Zach Lieberman’s daily sketches in 2016,Generative animation experiments by Zach Lieberman,https://zachlieberman.medium.com/daily-sketches-2016-28586d8f008e,#creativeCoding #generativeArt #interactive #dailyPractice #zachlieberman,
leftDoubleImage,Shishi Yamazaki,"Animator & visual artist, Japan","Shishi Yamazaki is a Tokyo-based animator and visual artist known for her distinctive blend of hand-drawn, watercolor-style animation and digital collage. Her work often features whimsical, surreal narratives populated by self-portraits and playful figures, exploring identity and transformation. She gained international attention with her short film “YA-NE-SEN a Go Go” (2011), which celebrates Tokyo’s Yanesen neighborhood through her lively, fluid animation style. Shishi’s commercial work includes projects for brands like Shiseido, Comme des Garçons, and her own personal experiments that push the boundaries of contemporary animation. Her style blends softness with a kinetic energy, combining traditional techniques with modern technology to produce vibrant, dreamlike visuals.",https://nexusstudios.com/app/uploads/2020/03/16by9_01.png,https://nexusstudios.com/app/uploads/2020/03/yns171.jpg,Stills from “YA-NE-SEN a Go Go” animation short,Commercial work for Shiseido and Comme des Garçons,https://shishiyamazaki.com,#animation #visualArt #watercolor #japan #experimental,
leftDoubleImage, Monopo Tokyo – AR Instagram Filters,"Creative studio, Japan"," Monopo Tokyo is a Tokyo-based creative studio known for blending contemporary Japanese design aesthetics with global digital storytelling. Their Instagram AR filters and effects showcase their playful, experimental approach to interaction. These AR projects invite users to explore layered, dynamic designs that expand the narrative potential of social media platforms, reflecting Monopo Tokyo’s signature fusion of minimalism and motion.",https://content.monopo.co.jp/wp-content/uploads/2025/01/900x600px_SMALL-CARDS_TEMPLATE-2-1.png,https://content.monopo.co.jp/wp-content/uploads/2025/01/AR_video_cover.png,"Dynamic, motion-responsive AR designs","Dynamic, motion-responsive AR designs",https://monopo.co.jp/ja/work/meta-house-of-instagram-japan-2024ja/,#AR #Instagram #filters #Japan #creativeStudio #motionDesign,
leftDoubleImage,Runway – The Finance Platform Your Team Doesn’t Hate,"Reform Collective, award-winning design agency","Reform Collective partnered with Runway Financial to craft a new identity and website that has users running to grab a window seat. Drawing inspiration from airport signage, wayfinding, and the air flight experience, the team created a first-class brand that stands out from the crowd. The project blends art direction, branding, web design, and web development to create a sleek, functional, and engaging digital presence for Runway.",https://cdn.sanity.io/images/92bwk9y2/production/a25bdc456df8ea23384a89b8907dd764a55d2a94-6096x2920.png?auto=format&fit=max&q=90&w=3048,https://cdn.sanity.io/images/92bwk9y2/production/30acc8c54b43267b434efe5f0a9bd7c3a9ef4528-4048x2920.png?auto=format&fit=max&q=90&w=3036,Runway Financial homepage with dynamic signage-inspired visuals,Detailed view of typography and branding for Runway Financial,https://www.reformcollective.com/work/runway,#branding #webDesign #artDirection #UX #wayfinding #finance,
